{"accuracy": [0.8569999933242798, 0.9339583516120911, 0.9495624899864197, 0.9605208039283752, 0.9652916789054871, 0.9690625071525574, 0.973520815372467, 0.9753749966621399, 0.9773125052452087, 0.9787291884422302], "loss": [0.4763399660587311, 0.21658748388290405, 0.16134639084339142, 0.12838199734687805, 0.1089756041765213, 0.0972946360707283, 0.08390279859304428, 0.07614623755216599, 0.07057806849479675, 0.06568436324596405], "val_accuracy": [0.9449166655540466, 0.9604166746139526, 0.969083309173584, 0.9725833535194397, 0.9725833535194397, 0.9743333458900452, 0.9761666655540466, 0.9773333072662354, 0.9789166450500488, 0.9787499904632568], "val_loss": [0.18213574588298798, 0.13046316802501678, 0.10555283725261688, 0.09263978898525238, 0.08995207399129868, 0.08570931851863861, 0.08182749152183533, 0.07600109279155731, 0.07614452391862869, 0.07359225302934647]}